policy,steps,total_demand,total_fulfilled,fill_rate,total_lost_sales,avg_lost_sales_per_step,avg_end_on_hand,sum_reward_env,sum_reward_raw,sum_reward_clipped,avg_order_qty,sum_order_qty
Baseline_test,179,19077.74032667544,18533.633495541282,0.9714794927587225,544.1068311341598,3.0397029672299434,6011.7340261343525,-77666.15304824658,-77666.15304824658,-50601.78025921492,27.41340782122905,4907.0
RL_test,179,19077.74032667544,18521.409254558508,0.970838733382955,556.3310721169349,3.107994816295726,712.7126311202263,116059.11602446486,116059.11602446486,126362.70188457643,17.821229050279328,3190.0
RL_guarded_test,179,19077.74032667544,18617.409254558508,0.9758707758762564,460.3310721169345,2.571681967133712,783.6175995057978,120135.71815626143,120135.71815626143,128937.77772757318,17.988826815642458,3220.0
