{
  "obs_mean": [
    58.52514336392496,
    65.24600044149646,
    126.56409464328928,
    191.81009508478573,
    3.2,
    6.5
  ],
  "obs_std": [
    83.55773702676989,
    111.34633719655301,
    211.46082869494853,
    258.9675420451801,
    0.40000099999999994,
    3.452053529534663
  ],
  "sector_id_mean": 2.0,
  "sector_id_std": 2.5,
  "sector_to_id": {
    "اثاث": 0,
    "الطباعة والتغليف والورق والكتب والمصنفات الفنية": 1,
    "جلود و احذية و منتجات جلدية": 2,
    "مفروشات": 3,
    "مواد البناء": 4
  },
  "max_order": 120,
  "n_bins": 20,
  "selling_price": 10.0,
  "order_cost": 0.5,
  "holding_cost_rate": 0.2,
  "lost_sales_penalty": 5.0,
  "reward_clip": 200.0
}