{
  "obs_mean": [
    68.05674094283998,
    76.8436653482949,
    149.37228842755474,
    226.21595377584964,
    3.2,
    6.8
  ],
  "obs_std": [
    109.93015361507236,
    158.19479126016427,
    281.9076971720258,
    361.02443154871986,
    0.40000099999999994,
    3.350622832834417
  ],
  "max_order": 120,
  "selling_price": 10.0,
  "order_cost": 0.5,
  "holding_cost_rate": 0.2,
  "lost_sales_penalty": 60.0
}